{
"GofT" : "a + b*T + c*T*ln(T)+sum_i di*T^i",
"units":
{
   "energy" : "J/mol",
   "temperature" : "Kelvin"
},

"SpeciesA" :
{
   "name" : "Al",
   "PhaseL":
   {
      "Tc" : [298.15, 700.0, 933.47, 2900.0],
      "a"  : [3028.879, -271.21, -795.996],
      "b"  : [125.251171, 211.206579, 177.430178],
      "c"  : [-24.3671976, -38.5844296, -31.748192],
      "d2" : [-0.001884662, 0.018531982, 0.0],
      "d3" : [-8.77664E-07, -5.764227E-6, 0.0],
      "d7" : [7.934E-20, 7.934E-20, 0.0],
      "dm1": [74092.0, 74092.0, 0.0]
   },
   "PhaseA":
   {
      "type" : "fcc",
      "Tc" : [298.15, 700.0, 933.47, 2900.0],
      "a"  : [-7976.15, -11276.24, -11278.378],
      "b"  : [137.093038, 223.048446, 188.684153],
      "c"  : [-24.3671976, -38.5844296, -31.748192],
      "d2" : [-0.001884662, 0.018531982, 0.0],
      "d3" : [-8.77664E-07, -5.764227E-6, 0.0],
      "dm1": [74092.0, 74092.0, 0.0],
      "dm9": [0.0, 0.0, -1.231E+28]
  },
  "PhaseB":
  {
     "type" : "theta",
     "Tc" : [298.15, 700.0, 933.47, 2900.0],
     "a"  : [6321.75, -3578.5199999999995, -3584.934],
     "b"  : [396.84011399999997, 654.706338, 551.6134589999999],
     "c"  : [-73.1015928, -115.7532888, -95.244576],
     "d2" : [-0.005653986, 0.05559594599999999, 0.0],
     "d3" : [-2.6329920000000002e-06, -1.7292681e-05, 0.0],
     "dm1":  [222276.0, 222277.19999999998, 0.0],
     "dm9": [0.0, 0.0, 3.693e+28]
  }
},

"SpeciesB":
{
   "name" : "Cu",
   "PhaseL":
   {
      "Tc" : [298.15, 1357.77, 3200.0],
      "a"  : [5194.282, -46.55],
      "b"  : [120.973335, 173.88153],
      "c"  : [-24.112392, -31.38],
      "d2" : [-0.00265684, 0.0],
      "d3" : [1.29223E-07, 0.0],
      "dm1": [52478.0, 0.0],
      "d7" : [-5.849E-21, 0.0]
   },
   "PhaseA":
   {
      "type": "fcc",
      "Tc" : [298.15, 1357.77, 3200],
      "a"  : [-7770.458, -13542.026],
      "b"  : [130.485235, 183.803828],
      "c"  : [-24.112392, -31.38],
      "d2" : [-0.00265684, 0.0],
      "d3" : [1.29223E-07, 0.0],
      "dm1": [52478.0, 0.0],
      "dm9" : [0.0, 3.642E+29]
  },
  "PhaseB":
  {
     "type": "theta",
     "Tc" : [298.15, 700.0, 933.47, 1377.77, 2900.0],
     "a"  : [-71128.758, -77728.938, -83500.506, -83504.78199999999],
     "b"  : [411.421311, 583.332127, 636.6507200000001, 567.922134],
     "c"  : [-72.8467872, -101.2812512, -108.5488592, -94.876384],
     "d2" : [-0.006426164, 0.034407124, 0.037063964, 0.0],
     "d3" : [-1.6261050000000001e-06, -1.1399231e-05, -1.1528454e-05, 0.0],
     "dm1": [200662.0, 200662.0, 148184.0, 0.0],
     "dm9" : [0.0, 0.0, 3.642e+29, 3.3958000000000004e+29]
  }
},

"fmix" : "c(1-c)*[ L0(T)+L1(T)*(2c-1)+L2(T)*(2c-1)^2 ]",
"Li(T)" : " Li[0] + Li[1]*T",

"LmixPhaseL":
{
   "L0" : [-67094.0, 8.555],
   "L1" : [32148.0,  -7.118],
   "L2" : [5915.0, -5.889],
   "L3" : [-8175.0, 6.049]
},

"LmixPhaseA":
{
   "L0" : [-53520.0, 2.0],
   "L1" : [38590.0, -2.0],
   "L2" :  [1170.0,   0.0]
},

"LmixPhaseB":
{
   "L0" : [2211.0, 0.0],
   "L1" : [0.0, 0.0]
}
}
