{
"GofT" : "a + b*T + c*T*ln(T)+sum_i di*T^i",
"units":
{
   "energy" : "J/mol",
   "temperature" : "Kelvin"
},

"SpeciesA" :
{
   "name" : "Al",
   "PhaseL":
   {
      "Tc" : [298.15, 700.0, 933.47, 2900.],
      "a"  : [3028.879, -271.21, -795.996],
      "b"  : [125.251171, 211.206579, 177.430178],
      "c"  : [-24.3671976, -38.5844296, -31.748192],
      "d2" : [-0.001884662, 0.018531982, 0.0],
      "d3" : [-8.77664E-07, -5.764227E-6, 0.0],
      "d7" : [7.934E-20, 7.934E-20, 0.0],
      "dm1": [74092., 74092., 0.0]
   },
   "PhaseA":
   {
      "type" : "fcc",
      "Tc" : [298.15, 700.0, 933.47, 2900.],
      "a"  : [-7976.15, -11276.24, -11278.378],
      "b"  : [137.093038, 223.048446, 188.684153],
      "c"  : [-24.3671976, -38.5844296, -31.748192],
      "d2" : [-0.001884662, 0.018531982, 0.0],
      "d3" : [-8.77664E-07, -5.764227E-6, 0.0],
      "dm1": [74092., 74092., 0.0],
      "dm9": [0.0, 0.0, -1.231E+28]
   }
},

"SpeciesB":
{
   "name" : "Cu",
   "PhaseL":
   {
      "Tc" : [298.15, 1357.77, 3200.],
      "a"  : [5194.282, -46.55],
      "b"  : [120.973335, 173.88153],
      "c"  : [-24.112392, -31.38],
      "d2" : [-0.00265684, 0.],
      "d3" : [1.29223E-07, 0.],
      "dm1": [52478., 0.],
      "d7" : [-5.849E-21, 0.]
   },
   "PhaseA":
   {
      "type": "fcc",
      "Tc" : [298.15, 1357.77, 3200],
      "a"  : [-7770.458, -13542.026],
      "b"  : [130.485235, 183.803828],
      "c"  : [-24.112392, -31.38],
      "d2" : [-0.00265684, 0.],
      "d3" : [1.29223E-07, 0.],
      "dm1": [52478., 0.],
      "dm9" : [0., 3.642E+29]
   }
},

"fmix" : "c(1-c)*[ L0(T)+L1(T)*(2c-1)+L2(T)*(2c-1)^2 ]",
"Li(T)" : " Li[0] + Li[1]*T",

"LmixPhaseL":
{
   "L0" : [-67094., 2.],
   "L1" : [32148.,  -7.118],
   "L2" : [5915., -5.889],
   "L3" : [-8175., 6.049]
},

"LmixPhaseA":
{
   "L0" : [-53520., 2.],
   "L1" : [38590., -2.],
   "L2" :  [1170.,   0.]
}
}
