{
"GofT" : "a + b*T + c*T*ln(T)+sum_i di*T^i",
"units":
{
   "energy" : "J/mol",
   "temperature" : "Kelvin"
},

"SpeciesA" :
{
   "name" : "Au",
   "PhaseL":
   {
      "Tc" : [298.15, 933.51, 1337.58, 1735.8, 3000.0],
      "a"  : [5613.147, -81023.261, 326614.987, 413.343],
      "b"  : [97.446385, 1012.21732, -2025.7579, 155.893158],
      "c"  : [-22.75455, -155.6947, 263.2523, -30.9616],
      "d2" : [-0.00385924, 0.08756015, -0.11821685, 0.0],
      "d3" : [3.79625e-7, -1.1518713e-05, 8.923845e-06, 0.0],
      "dm1": [-25097.0, 10637210.0, -67999850.0, 0.0]
   },
   "PhaseA":
   { 
      "type" : "fcc",
      "Tc" : [298.15, 933.51, 1337.58, 1735.8, 3000.0],
      "a"  : [-6938.853, -93575.261, 314062.987, -12138.657],
      "b"  : [106.830495, 1021.60143, -2016.37379, 165.277268],
      "c"  : [-22.75455, -155.6947, 263.2523, -30.9616],
      "d2" : [-0.00385924, 0.08756015, -0.11821685, 0.0],
      "d3" : [3.79625e-7, -1.1518713e-05, 8.923845e-06, 0.0],
      "dm1": [-25097.0, 10637210.0, -67999850.0, 0.0]
   }
},

"SpeciesB":
{ 
   "name" : "Ni",
   "PhaseL":
   {
      "Tc" : [298.15, 1728.0, 3000.0],
      "a"  : [11235.527, -9549.775],
      "b"  : [108.457, 268.598],
      "c"  : [-22.096, -43.1],
      "d2" : [-0.0048407, 0.0],
      "d7" : [-3.82318e-21, 0.0]
   },
   "PhaseA":
   {
      "type": "fcc",
      "Tc" : [298.15, 1728.0, 3000.0],
      "a"  : [-5179.159, -27840.655],
      "b"  : [117.854, 279.135],
      "c"  : [-22.096, -43.1],
      "d2" : [-0.0048407, 0.0],
      "dm9" : [0.0, 1.12754E+31]
   }
},

"fmix" : "c(1-c)*[ L0(T)+L1(T)*(2c-1)+L2(T)*(2c-1)^2 ]",
"Li(T)" : " Li[0] + Li[1]*T",

"LmixPhaseL":
{
   "L0" : [9500.0, -5.429],
   "L1" : [1614.0,  0.0]
},

"LmixPhaseA":
{
   "L0" : [28696.0, -11.274],
   "L1" : [-10945.0,   6.154],
   "L2" :  [2519.0,   0.0]
}
}
