{
"References" :
    {
        "Authors" : "Witusiewicz, Hect, Fries, Rex",
        "Title" : "The Ag-Al-Cu system Part I: Reassessment of the constituent binaries on the basis of new experimental data",
        "Journal" : "Journal of Alloys and Compounds",
        "Volume" : "385",
        "Year" : "2004",
        "Note" : "Also indirectly references the Dinsdale SGTE database and the Saunders COST 507 database."
    },
"GofT" : "a + b*T + c*T*ln(T)+sum_i di*T^i",
"units":
{
   "energy" : "J/mol",
   "temperature" : "Kelvin"
},
"SpeciesA" :
{
   "name" : "Al",
   "PhaseL":
   {
      "Tc" : [298.15, 700.0, 933.47, 2900.0],
      "a"  : [3028.879, -271.21, -795.996],
      "b"  : [125.251171, 211.206579, 177.430178],
      "c"  : [-24.3671976, -38.5844296, -31.748192],
      "d2" : [-0.001884662, 0.018531982, 0.0],
      "d3" : [-8.77664E-07, -5.764227E-6, 0.0],
      "d7" : [7.934E-20, 7.934E-20, 0.0],
      "dm1": [74092.0, 74092.0, 0.0]
   },
   "PhaseA":
   {
      "type" : "fcc",
      "Tc" : [298.15, 700.0, 933.47, 2900.0],
      "a"  : [-7976.15, -11276.24, -11278.378],
      "b"  : [137.093038, 223.048446, 188.684153],
      "c"  : [-24.3671976, -38.5844296, -31.748192],
      "d2" : [-0.001884662, 0.018531982, 0.0],
      "d3" : [-8.77664E-07, -5.764227E-6, 0.0],
      "dm1": [74092.0, 74092.0, 0.0],
      "dm9": [0.0, 0.0, -1.231E+28]
  },
  "PhaseB":
  {
     "type" : "bcc",
     "Tc" : [298.15, 700.0, 933.47, 2900.0],
     "a"  : [2106.85, -1193.24, -1195.378],
     "b"  : [132.280038, 218.235446, 183.871153],
     "c"  : [-24.3671976, -38.5844296, -31.748192],
     "d2" : [-1.884662e-3, 18.531982e-3, 0.0],
     "d3" : [-0.877664e-6, -5.764227e-6, 0.0],
     "dm1":  [74092.0, 74092.0, 0.0],
     "dm9": [0.0, 0.0, -1.231e+28]
  }
},

"SpeciesB":
{
   "name" : "Cu",
   "PhaseL":
   {
      "Tc" : [298.15, 1357.77, 3200.0],
      "a"  : [5194.282, -46.55],
      "b"  : [120.973335, 173.88153],
      "c"  : [-24.112392, -31.38],
      "d2" : [-0.00265684, 0.0],
      "d3" : [1.29223E-07, 0.0],
      "dm1": [52478.0, 0.0],
      "d7" : [-5.849E-21, 0.0]
   },
   "PhaseA":
   {
      "type": "fcc",
      "Tc" : [298.15, 1357.77, 3200],
      "a"  : [-7770.458, -13542.026],
      "b"  : [130.485235, 183.803828],
      "c"  : [-24.112392, -31.38],
      "d2" : [-0.00265684, 0.0],
      "d3" : [1.29223E-07, 0.0],
      "dm1": [52478.0, 0.0],
      "dm9" : [0.0, 3.642E+29]
  },
  "PhaseB":
  {
     "type": "theta",
     "Tc" : [298.15, 1357.77, 2900.0],
     "a"  : [-3753.458, -9525.026],
     "b"  : [129.230235, 182.548828],
     "c"  : [-24.112392, -31.38],
     "d2" : [-2.65684, 0.0],
     "d3" : [0.129223e-6, 0.0],
     "dm1": [52478.0, 0.0],
     "dm9" : [0.0, 364.167e+27]
  }
},

"fmix" : "c(1-c)*[ L0(T)+L1(T)*(2c-1)+L2(T)*(2c-1)^2 ]",
"Li(T)" : " Li[0] + Li[1]*T",

"LmixPhaseL":
{
   "L0" : [-67094.0, 8.555],
   "L1" : [32148.0,  -7.118],
   "L2" : [5915.0, -5.889],
   "L3" : [-8175.0, 6.049]
},

"LmixPhaseA":
{
   "L0" : [-53520.0, 2.0],
   "L1" : [38590.0, -2.0],
   "L2" :  [1170.0,   0.0]
},

"LmixPhaseB":
{
   "L0" : [-73554.0, 4.0],
   "L1" : [51500.0, -11.84]
}
}
